<MaturityData><policy id = "A100001" ><MaturityValue>14980</MaturityValue> </policy><policy id = "A100002" ><MaturityValue>16671.875</MaturityValue> </policy><policy id = "A100003" ><MaturityValue>23277.35</MaturityValue> </policy><policy id = "B100001" ><MaturityValue>18894</MaturityValue> </policy><policy id = "B100002" ><MaturityValue>24453</MaturityValue> </policy><policy id = "B100003" ><MaturityValue>33350</MaturityValue> </policy><policy id = "C100001" ><MaturityValue>17167.8</MaturityValue> </policy><policy id = "C100002" ><MaturityValue>20088</MaturityValue> </policy><policy id = "C100003" ><MaturityValue>27462.6</MaturityValue> </policy></MaturityData>